{
	"id": "2f5833d0-65b9-4910-bbd2-3d69401dc1b5",
	"name": "Restful-booker",
	"values": [
		{
			"key": "server_url",
			"value": "https://restful-booker.herokuapp.com/apidoc/index.html",
			"type": "default",
			"enabled": true
		},
		{
			"key": "domain",
			"value": "restful-booker.herokuapp",
			"type": "default",
			"enabled": true
		},
		{
			"key": "Auth_Token",
			"value": "6032d8c4b67dd2b",
			"type": "any",
			"enabled": true
		}
	],
	"_postman_variable_scope": "environment",
	"_postman_exported_at": "2025-03-14T06:16:29.176Z",
	"_postman_exported_using": "Postman/11.36.2"
}