{
	"info": {
		"_postman_id": "18072950-9408-4bcb-b8eb-44ec5011c6e9",
		"name": "Restful-booker",
		"schema": "https://schema.getpostman.com/json/collection/v2.1.0/collection.json",
		"_exporter_id": "30251917",
		"_collection_link": "https://interstellar-firefly-484854.postman.co/workspace/WD~5914a911-9e18-4825-b63b-a983ebc8ad6f/collection/30251917-18072950-9408-4bcb-b8eb-44ec5011c6e9?action=share&source=collection_link&creator=30251917"
	},
	"item": [
		{
			"name": "Booking",
			"item": [
				{
					"name": "GetBookingId's",
					"request": {
						"method": "GET",
						"header": [],
						"url": {
							"raw": "https://restful-booker.herokuapp.com/booking",
							"protocol": "https",
							"host": [
								"restful-booker",
								"herokuapp",
								"com"
							],
							"path": [
								"booking"
							]
						}
					},
					"response": []
				},
				{
					"name": "GetBooking",
					"request": {
						"method": "GET",
						"header": [],
						"url": {
							"raw": "https://restful-booker.herokuapp.com/booking/1",
							"protocol": "https",
							"host": [
								"restful-booker",
								"herokuapp",
								"com"
							],
							"path": [
								"booking",
								"1"
							]
						}
					},
					"response": []
				},
				{
					"name": "CreateBooking",
					"request": {
						"method": "POST",
						"header": [],
						"body": {
							"mode": "raw",
							"raw": "{\r\n    \"firstname\" : \"Jim\",\r\n    \"lastname\" : \"Brown\",\r\n    \"totalprice\" : 111,\r\n    \"depositpaid\" : true,\r\n    \"bookingdates\" : {\r\n        \"checkin\" : \"2018-01-01\",\r\n        \"checkout\" : \"2019-01-01\"\r\n    },\r\n    \"additionalneeds\" : \"Breakfast\"\r\n}",
							"options": {
								"raw": {
									"language": "json"
								}
							}
						},
						"url": {
							"raw": "https://restful-booker.herokuapp.com/booking",
							"protocol": "https",
							"host": [
								"restful-booker",
								"herokuapp",
								"com"
							],
							"path": [
								"booking"
							]
						}
					},
					"response": []
				},
				{
					"name": "UpdateBooking",
					"request": {
						"auth": {
							"type": "basic",
							"basic": [
								{
									"key": "password",
									"value": "password123",
									"type": "string"
								},
								{
									"key": "username",
									"value": "admin",
									"type": "string"
								}
							]
						},
						"method": "PUT",
						"header": [],
						"body": {
							"mode": "raw",
							"raw": "{\r\n    \"firstname\" : \"James\",\r\n    \"lastname\" : \"Brown\",\r\n    \"totalprice\" : 111,\r\n    \"depositpaid\" : true,\r\n    \"bookingdates\" : {\r\n        \"checkin\" : \"2018-01-01\",\r\n        \"checkout\" : \"2019-01-01\"\r\n    },\r\n    \"additionalneeds\" : \"Breakfast\"\r\n}",
							"options": {
								"raw": {
									"language": "json"
								}
							}
						},
						"url": {
							"raw": "https://restful-booker.herokuapp.com/booking/1",
							"protocol": "https",
							"host": [
								"restful-booker",
								"herokuapp",
								"com"
							],
							"path": [
								"booking",
								"1"
							]
						}
					},
					"response": []
				},
				{
					"name": "PartialUpdateBooking",
					"request": {
						"auth": {
							"type": "basic",
							"basic": [
								{
									"key": "password",
									"value": "password123",
									"type": "string"
								},
								{
									"key": "username",
									"value": "admin",
									"type": "string"
								}
							]
						},
						"method": "PATCH",
						"header": [],
						"body": {
							"mode": "raw",
							"raw": "\r\n{\r\n    \"firstname\" : \"James\",\r\n    \"lastname\" : \"Brown\"\r\n}",
							"options": {
								"raw": {
									"language": "json"
								}
							}
						},
						"url": {
							"raw": "https://restful-booker.herokuapp.com/booking/1",
							"protocol": "https",
							"host": [
								"restful-booker",
								"herokuapp",
								"com"
							],
							"path": [
								"booking",
								"1"
							]
						}
					},
					"response": []
				},
				{
					"name": "Delete Booking",
					"request": {
						"auth": {
							"type": "basic",
							"basic": [
								{
									"key": "password",
									"value": "password123",
									"type": "string"
								},
								{
									"key": "username",
									"value": "admin",
									"type": "string"
								}
							]
						},
						"method": "DELETE",
						"header": [],
						"body": {
							"mode": "raw",
							"raw": "  ",
							"options": {
								"raw": {
									"language": "json"
								}
							}
						},
						"url": {
							"raw": "https://restful-booker.herokuapp.com/booking/1",
							"protocol": "https",
							"host": [
								"restful-booker",
								"herokuapp",
								"com"
							],
							"path": [
								"booking",
								"1"
							]
						}
					},
					"response": []
				}
			]
		},
		{
			"name": "Auth",
			"item": [
				{
					"name": "Auth-Create Token",
					"request": {
						"method": "POST",
						"header": [],
						"body": {
							"mode": "raw",
							"raw": "{\r\n    \"username\" : \"admin\",\r\n    \"password\" : \"password123\"\r\n}\r\n",
							"options": {
								"raw": {
									"language": "json"
								}
							}
						},
						"url": {
							"raw": "https://restful-booker.herokuapp.com/auth",
							"protocol": "https",
							"host": [
								"restful-booker",
								"herokuapp",
								"com"
							],
							"path": [
								"auth"
							]
						}
					},
					"response": []
				}
			]
		},
		{
			"name": "Ping",
			"item": [
				{
					"name": "HealthCheck",
					"request": {
						"method": "GET",
						"header": [],
						"url": {
							"raw": "https://restful-booker.herokuapp.com/ping",
							"protocol": "https",
							"host": [
								"restful-booker",
								"herokuapp",
								"com"
							],
							"path": [
								"ping"
							]
						}
					},
					"response": []
				}
			]
		}
	]
}