{
  "https://blazedemo.com/purchase.php" : {
    "transaction" : "https://blazedemo.com/purchase.php",
    "sampleCount" : 50,
    "errorCount" : 0,
    "errorPct" : 0.0,
    "meanResTime" : 151.44,
    "medianResTime" : 150.0,
    "minResTime" : 93.0,
    "maxResTime" : 246.0,
    "pct1ResTime" : 194.5,
    "pct2ResTime" : 208.79999999999998,
    "pct3ResTime" : 246.0,
    "throughput" : 5.329354082285227,
    "receivedKBytesPerSec" : 34.94952935141761,
    "sentKBytesPerSec" : 4.684002611383501
  },
  "Test" : {
    "transaction" : "Test",
    "sampleCount" : 50,
    "errorCount" : 0,
    "errorPct" : 0.0,
    "meanResTime" : 530.7399999999998,
    "medianResTime" : 506.0,
    "minResTime" : 415.0,
    "maxResTime" : 1018.0,
    "pct1ResTime" : 628.7,
    "pct2ResTime" : 791.4999999999995,
    "pct3ResTime" : 1018.0,
    "throughput" : 4.887107809598279,
    "receivedKBytesPerSec" : 94.63884273287069,
    "sentKBytesPerSec" : 13.20091816537973
  },
  "https://blazedemo.com/confirmation.php" : {
    "transaction" : "https://blazedemo.com/confirmation.php",
    "sampleCount" : 50,
    "errorCount" : 0,
    "errorPct" : 0.0,
    "meanResTime" : 150.11999999999998,
    "medianResTime" : 153.0,
    "minResTime" : 100.0,
    "maxResTime" : 213.0,
    "pct1ResTime" : 180.9,
    "pct2ResTime" : 200.3499999999999,
    "pct3ResTime" : 213.0,
    "throughput" : 5.344164172723386,
    "receivedKBytesPerSec" : 30.167806755023516,
    "sentKBytesPerSec" : 5.286756159149209
  },
  "Total" : {
    "transaction" : "Total",
    "sampleCount" : 150,
    "errorCount" : 0,
    "errorPct" : 0.0,
    "meanResTime" : 176.91333333333347,
    "medianResTime" : 167.0,
    "minResTime" : 93.0,
    "maxResTime" : 637.0,
    "pct1ResTime" : 223.9,
    "pct2ResTime" : 262.4999999999999,
    "pct3ResTime" : 595.1800000000007,
    "throughput" : 3.2607986782896026,
    "receivedKBytesPerSec" : 21.048455468359386,
    "sentKBytesPerSec" : 2.9359925599443493
  },
  "https://blazedemo.com/reserve.php" : {
    "transaction" : "https://blazedemo.com/reserve.php",
    "sampleCount" : 50,
    "errorCount" : 0,
    "errorPct" : 0.0,
    "meanResTime" : 229.17999999999998,
    "medianResTime" : 209.0,
    "minResTime" : 149.0,
    "maxResTime" : 637.0,
    "pct1ResTime" : 285.2,
    "pct2ResTime" : 479.6499999999994,
    "pct3ResTime" : 637.0,
    "throughput" : 5.090094675760969,
    "receivedKBytesPerSec" : 36.45561596508195,
    "sentKBytesPerSec" : 4.240088631273541
  }
}